{
  "bodyTypeName": "female",
  "url": "https://liberatedpixelcup.github.io/Universal-LPC-Spritesheet-Character-Generator/#?body=Body_color_light&head=Human_male_light&sex=female&eye_color=Eye_Color_gray&wound_mouth=none_Mouth&hair=Wavy_chestnut&dress=Slit_dress_navy&shoes=Sandals_sky&sash=Waistband_sky",
  "spritesheets": "https://liberatedpixelcup.github.io/Universal-LPC-Spritesheet-Character-Generator/spritesheets/",
  "version": 1,
  "datetime": "6/10/2025, 11:02:07 AM",
  "credits": [
    {
      "fileName": "body/bodies/female/light.png",
      "licenses": "OGA-BY 3.0,CC-BY-SA 3.0,GPL 3.0",
      "authors": "Benjamin K. Smith (BenCreating),bluecarrot16,TheraHedwig,Evert,MuffinElZangano,Durrani,Pierre Vigier (pvigier),ElizaWy,Matthew Krohn (makrohn),Johannes Sjölund (wulax),Stephen Challener (Redshrike)",
      "urls": "https://opengameart.org/content/liberated-pixel-cup-lpc-base-assets-sprites-map-tiles,https://opengameart.org/content/lpc-medieval-fantasy-character-sprites,https://opengameart.org/content/lpc-ladies,https://opengameart.org/content/lpc-7-womens-shirts,https://opengameart.org/content/lpc-jump-expanded,https://opengameart.org/content/lpc-be-seated,https://opengameart.org/content/lpc-revised-character-basics,https://gitlab.com/vagabondgame/lpc-characters,https://opengameart.org/content/lpc-male-jumping-animation-by-durrani,https://opengameart.org/content/lpc-runcycle-and-diagonal-walkcycle",
      "notes": "see details at https://opengameart.org/content/lpc-character-bases"
    },
    {
      "fileName": "head/heads/human/male/light.png",
      "licenses": "OGA-BY 3.0,CC-BY-SA 3.0,GPL 3.0",
      "authors": "bluecarrot16,Benjamin K. Smith (BenCreating),Stephen Challener (Redshrike)",
      "urls": "https://opengameart.org/content/liberated-pixel-cup-lpc-base-assets-sprites-map-tiles,https://opengameart.org/content/lpc-character-bases",
      "notes": "original head by Redshrike, tweaks by BenCreating, modular version by bluecarrot16"
    },
    {
      "fileName": "eyes/human/adult/default/gray.png",
      "licenses": "OGA-BY 3.0,CC-BY-SA 3.0,GPL 3.0",
      "authors": "JaidynReiman,Matthew Krohn (makrohn),Stephen Challener (Redshrike)",
      "urls": "https://opengameart.org/content/liberated-pixel-cup-lpc-base-assets-sprites-map-tiles",
      "notes": "original by Redshrike, mapped to all frames by Matthew Krohn & JaidynReiman"
    },
    {
      "fileName": "hair/wavy/adult/fg/chestnut.png",
      "licenses": "OGA-BY 3.0,CC-BY-SA 3.0,GPL 2.0,GPL 3.0",
      "authors": "JaidynReiman,Nila122",
      "urls": "https://opengameart.org/content/3-hairs-for-lpc,https://opengameart.org/content/lpc-expanded-hair",
      "notes": ""
    },
    {
      "fileName": "hair/wavy/adult/bg/chestnut.png",
      "licenses": "OGA-BY 3.0,CC-BY-SA 3.0,GPL 2.0,GPL 3.0",
      "authors": "JaidynReiman,Nila122",
      "urls": "https://opengameart.org/content/3-hairs-for-lpc,https://opengameart.org/content/lpc-expanded-hair",
      "notes": ""
    },
    {
      "fileName": "dress/slit/female/navy.png",
      "licenses": "OGA-BY 3.0,CC-BY-SA 3.0,GPL 2.0,GPL 3.0",
      "authors": "Nila122,ElizaWy,bluecarrot16",
      "urls": "https://opengameart.org/content/lpc-clothes-and-hair,http://opengameart.org/content/lpc-clothing-updates",
      "notes": "original **TightDress** by Nila122, by ElizaWy, extended to all animation frames and edited for v3 bases by bluecarrot16"
    },
    {
      "fileName": "torso/waist/waistband/female/sky.png",
      "licenses": "OGA-BY 3.0",
      "authors": "Bluecarrot16,Mandi Paugh,Stephen Challener (Redshrike),William.Thompsonj",
      "urls": "http://opengameart.org/content/sara-wizard,https://opengameart.org/content/lpc-sara",
      "notes": "LPC Sara by Redshrike, contributed by William Thompsonj, Waistband Separated by Bluecarrot16"
    },
    {
      "fileName": "feet/sandals/thin/sky.png",
      "licenses": "OGA-BY 3.0,CC-BY-SA 3.0,GPL 2.0,GPL 3.0",
      "authors": "Nila122,JaidynReiman,Matthew Krohn (makrohn),Johannes Sjölund (wulax)",
      "urls": "https://opengameart.org/content/lpc-roman-armor,http://opengameart.org/content/lpc-clothing-updates,https://opengameart.org/content/lpc-expanded-socks-shoes",
      "notes": "edited for v3 bases by bluecarrot16, Jump/Sit/Emote/Run/Revised Combat by JaidynReiman"
    }
  ],
  "layers": [
    {
      "fileName": "hair/wavy/adult/bg/chestnut.png",
      "zPos": 9,
      "parentName": "hair",
      "name": "Wavy",
      "variant": "chestnut",
      "supportedAnimations": "spellcast,thrust,walk,slash,shoot,hurt,watering,idle,jump,run,sit,emote,climb,combat,1h_slash,1h_backslash,1h_halfslash"
    },
    {
      "fileName": "body/bodies/female/light.png",
      "zPos": 10,
      "parentName": "body",
      "name": "Body_color",
      "variant": "light",
      "supportedAnimations": "spellcast,thrust,walk,slash,shoot,hurt,watering,idle,jump,run,sit,emote,climb,combat,1h_slash,1h_backslash,1h_halfslash"
    },
    {
      "fileName": "feet/sandals/thin/sky.png",
      "zPos": 15,
      "parentName": "shoes",
      "name": "Sandals",
      "variant": "sky",
      "supportedAnimations": "spellcast,thrust,walk,slash,shoot,hurt,watering,idle,jump,run,sit,emote,climb,combat,1h_slash,1h_backslash,1h_halfslash"
    },
    {
      "fileName": "dress/slit/female/navy.png",
      "zPos": 30,
      "parentName": "dress",
      "name": "Slit_dress",
      "variant": "navy",
      "supportedAnimations": "spellcast,thrust,walk,slash,shoot,hurt,watering"
    },
    {
      "fileName": "torso/waist/waistband/female/sky.png",
      "zPos": 65,
      "parentName": "sash",
      "name": "Waistband",
      "variant": "sky",
      "supportedAnimations": "spellcast,thrust,walk,slash,shoot,hurt,watering"
    },
    {
      "fileName": "head/heads/human/male/light.png",
      "zPos": 100,
      "parentName": "head",
      "name": "Human_male",
      "variant": "light",
      "supportedAnimations": "spellcast,thrust,walk,slash,shoot,hurt,watering,idle,jump,run,sit,emote,climb,combat,1h_slash,1h_backslash,1h_halfslash"
    },
    {
      "fileName": "eyes/human/adult/default/gray.png",
      "zPos": 105,
      "parentName": "eye_color",
      "name": "Eye_Color",
      "variant": "gray",
      "supportedAnimations": "spellcast,thrust,walk,slash,shoot,hurt,watering,idle,jump,run,sit,emote,climb,combat,1h_slash,1h_backslash,1h_halfslash"
    },
    {
      "fileName": "hair/wavy/adult/fg/chestnut.png",
      "zPos": 120,
      "parentName": "hair",
      "name": "Wavy",
      "variant": "chestnut",
      "supportedAnimations": "spellcast,thrust,walk,slash,shoot,hurt,watering,idle,jump,run,sit,emote,climb,combat,1h_slash,1h_backslash,1h_halfslash"
    }
  ]
}